[
    {
        "name": "check",
        "sourcename": "check",
        "id": "check",
        "path": "check.svg",
        "svg": "<svg viewBox=\"0 0 24 24\" xmlns=\"http://www.w3.org/2000/svg\" id=\"check\"><path fill-rule=\"evenodd\" clip-rule=\"evenodd\" d=\"M18.03 7.97a.75.75 0 0 1 0 1.06l-7 7a.75.75 0 0 1-1.06 0l-4-4a.75.75 0 1 1 1.06-1.06l3.47 3.47 6.47-6.47a.75.75 0 0 1 1.06 0z\"></path></svg>",
        "codepoint": 61698,
        "unicode": ""
    },
    {
        "name": "close m",
        "sourcename": "close-m",
        "id": "close_m",
        "path": "close-m.svg",
        "svg": "<svg viewBox=\"0 0 24 24\" xmlns=\"http://www.w3.org/2000/svg\" id=\"close_m\"><path d=\"M12 10.586L5.636 4.222 4.222 5.636 10.586 12l-6.364 6.364 1.414 1.414L12 13.414l6.364 6.364 1.414-1.414L13.414 12l6.364-6.364-1.414-1.414L12 10.586z\"></path></svg>",
        "codepoint": 61703,
        "unicode": ""
    },
    {
        "name": "pencil m",
        "sourcename": "pencil-m",
        "id": "pencil_m",
        "path": "pencil-m.svg",
        "svg": "<svg viewBox=\"0 0 24 24\" xmlns=\"http://www.w3.org/2000/svg\" id=\"pencil_m\"><path fill-rule=\"evenodd\" clip-rule=\"evenodd\" d=\"M16.45 1.893l5.656 5.657-13.02 13.021H3.427v-5.657L16.45 1.894zm0 2.829l-1.424 1.423 2.829 2.828 1.423-1.423-2.829-2.828zm-.01 5.666l-2.828-2.829-8.184 8.184v2.828h2.829l8.183-8.183z\"></path></svg>",
        "codepoint": 61696,
        "unicode": ""
    },
    {
        "name": "refresh",
        "sourcename": "refresh",
        "id": "refresh",
        "path": "refresh.svg",
        "svg": "<svg viewBox=\"0 0 24 24\" xmlns=\"http://www.w3.org/2000/svg\" id=\"refresh\"><path d=\"M6.545 8.163a.75.75 0 0 1-.487-1.044l1.66-3.535a.75.75 0 0 1 1.36.002l.732 1.57a.76.76 0 0 1 .08-.028 8.15 8.15 0 1 1-5.8 5.903.75.75 0 0 1 1.456.364 6.65 6.65 0 1 0 4.907-4.862l.74 1.583a.75.75 0 0 1-.872 1.043l-3.776-.996z\"></path></svg>",
        "codepoint": 61702,
        "unicode": ""
    },
    {
        "name": "settings alt",
        "sourcename": "settings-alt",
        "id": "settings_alt",
        "path": "settings-alt.svg",
        "svg": "<svg viewBox=\"0 0 24 24\" xmlns=\"http://www.w3.org/2000/svg\" id=\"settings_alt\"><path d=\"M8.75 12a3.25 3.25 0 1 1 6.5 0 3.25 3.25 0 0 1-6.5 0z\"></path><path fill-rule=\"evenodd\" clip-rule=\"evenodd\" d=\"M11.46 1.839a.75.75 0 0 1 1.08 0L15.111 4.5h3.638a.75.75 0 0 1 .75.75v3.638l2.662 2.573a.75.75 0 0 1 0 1.078L19.5 15.112v3.638a.75.75 0 0 1-.75.75h-3.638l-2.573 2.662a.75.75 0 0 1-1.078 0L8.888 19.5H5.25a.75.75 0 0 1-.75-.75v-3.638l-2.661-2.573a.75.75 0 0 1 0-1.078L4.5 8.888V5.25a.75.75 0 0 1 .75-.75h3.638l2.573-2.661zM12 7.25a4.75 4.75 0 1 0 0 9.5 4.75 4.75 0 0 0 0-9.5z\"></path></svg>",
        "codepoint": 61700,
        "unicode": ""
    }
]